{
    "$schema": "https://go.kicad.org/pcm/schemas/v1",
    "name": "GerberZipper2",
    "description": "Generate Gerber/BOM/POS/ZIP for the specified PCB vendor (IPC API)",
    "description_full": "Generate Gerber/BOM/POS/ZIP for the specified PCB vendor and Zip it.",
    "identifier":"com.github.g200kg.kicad-gerberzipper2",
    "type":"plugin",
    "author": {
        "contact":{
            "github":"https://github.com/g200kg",
            "twitter":"@g200kg",
            "web":"https://www.g200kg.com"
        },
        "name":"g200kg"
    },
    "maintainer":{
        "contact":{
            "github":"https://github.com/g200kg",
            "twitter":"@g200kg",
            "web":"https://www.g200kg.com"
        },
        "name":"g200kg"
    },
    "resources": {
        "homepage": "https://github.com/g200kg/kicad-gerberzipper2"
    },
    "license":"MIT",
    "versions":[
        {
            "kicad_version": "9.0",
            "platforms": [
                "linux",
                "macos",
                "windows"
            ],
            "status": "development",
            "version": "0.5.0"
        }
    ]
}
